prior,kappa1,kappa2,log_ml
symmetric,0.0083108653,0.0083108653,4333.2985342678
subjective,0.0400000000,0.0016000000,4329.7683111944
asymmetric,0.0581102487,0.0042692800,4341.5504908165
