"lags","aic","bic","hq"
1,-0.290840680690771,0.0690754487978905,-0.14664726755411
2,-2.66609167889246,-2.03159314862988,-2.41209026255803
3,-2.90602141526722,-1.99285047168787,-2.54076106001725
4,-2.71419911163518,-1.51816489754088,-2.23620598735232
5,-2.56989488148255,-1.08670248881931,-1.97767244571236
6,-2.52501640260895,-0.750263560546273,-1.81704567401548
7,-2.39484923827431,-0.324022894222345,-1.56958917468725
8,-2.39468502372547,-0.0231578164170756,-1.45057301975891
