"lambda","log_mdd"
0.13,-239.12424020858
0.2,-234.895920205419
0.4,-229.504545487706
0.6,-227.232887169694
0.8,-226.011011105124
1,-225.269416458277
1.4,-224.450709952269
1.8,-224.036658778725
3,-223.573369871919
5,-223.420807774965
10,-223.417796540651
